{
    "sites": {
        "akwam": {
            "label": "Akwam",
            "active": "True",
            "url": "https://ak.sv/"
        },
        "alfajertv": {
            "label": "Alfajertv",
            "active": "True",
            "url": "https://fajer.show/"
        },
        "arblionz": {
            "label": "Arblionz",
            "active": "True",
            "url": "https://arlionztv.click/"
        },
        "arabseed": {
            "label": "Arabseed",
            "active": "True",
            "url": "https://arabseed.skin/"
        },
        "cinematy": {
            "label": "Cinematy",
            "active": "True",
            "url": "https://cinematy.online/"
        },
        "cimanow": {
            "label": "Cimanow",
            "active": "True",
            "url": "https://cimanow.cc/"
        },
        "cimau": {
            "label": "Cima4u",
            "active": "True",
            "url": "https://1-cima4u.cam/"
        },
        "dramacafe": {
            "label": "Dramacafe",
            "active": "True",
            "url": "https://wwl.dramacafe-tv.com/"
        },
        "egydead": {
            "label": "Egydead",
            "active": "True",
            "url": "https://egydead.com/"
        },
        "halacima": {
            "label": "Halacima",
            "active": "True",
            "url": "https://halacima.website/"
        },
        "egybest": {
            "label": "EgyBest",
            "active": "True",
            "url": "https://n-egy.best/"
        },
        "faselhd": {
            "label": "Faselhd",
            "active": "True",
            "url": "https://faselhd.cafe/"
        },
        "mycima": {
            "label": "Mycima",
            "active": "True",
            "url": "https://cdn1.we-cema.shop/"
        },
        "shahidu": {
            "label": "Shahid4u",
            "active": "True",
            "cloudflare": "False",
            "url": "https://shahed4u5.cam/"
        },
        "themoviedb_org": {
            "label": "The Movie Database",
            "active": "True",
            "url": "https://www.themoviedb.org/"
        },
        "topcinema": {
            "label": "TopCinema",
            "active": "True",
            "url": "https://topcinema.cam/"
        },
        "topimdb": {
            "label": "Top IMDB",
            "active": "True",
            "url": "https://www.imdb.com/"
        },
        "tuktukcinema": {
            "label": "Tuktukcinema",
            "active": "True",
            "url": "https://ww.tuktukcima.com/"
        }
    }
}