<?xml version="1.0" encoding="UTF-8" standalone="yes"?>
<addon id="plugin.video.matrixv2" name="MatrixV2" version="4.0.11" provider-name="bassemhelal18">
	<requires>
		<import addon="xbmc.python" version="3.0.0"/>
		<import addon="script.module.infotagger" version="0.0.3"/>
		<import addon="script.module.requests"/>
		<import addon="script.module.resolveurl" version="5.1.67"/>
		<import addon="script.module.six" version="1.11.0"/>
		<import addon="repository.resolveurl" optional="true"/>
		<import addon="script.module.inputstreamhelper" version="0.3.3" optional="true"/>
		<import addon="script.module.web-pdb" version="1.5.6" optional="true"/>
		<import addon="script.module.pydevd" optional="true" />
		<import addon="script.module.beautifulsoup4" version="4.9.3" />
	</requires>
	<extension point="xbmc.python.pluginsource" library="default.py">
		<provides>video</provides>
	</extension>
    <extension point="xbmc.service" library="service.py" start="startup" />
	<extension point="xbmc.addon.metadata">
		
		<summary lang="en_GB">Watch over Matrix! Next Gen</summary>
		<description lang="en_GB">With this addon you can access streams offered by various sources.</description>
		<disclaimer lang="en_GB">The content represented by this addon is not hosted or distributed by the creators of the addon, nor are the creators affiliated with the content providers in any way.</disclaimer>
		<source></source>
		<website></website>
		<license>GNU GPLv3</license>
		<platform>all</platform>
		<news>MatrixV2 PY3 Kodi 19/20</news>
		<assets>
			<icon>icon.png</icon>
			<fanart>fanart.jpg</fanart>
			<clearlogo>resources/art/clearlogo.png</clearlogo>
			<screenshot>resources/art/screenshot.jpg</screenshot>
		</assets>
	</extension>
</addon>
