{
    "sites": {
        "akwam": {
            "label": "Akwam",
            "active": "True",
            "url": "https://akw.to/"
        },
        "alfajertv": {
            "label": "Alfajertv",
            "active": "True",
            "url": "https://fajer.show/"
        },
        "arblionz": {
            "label": "Arblionz",
            "active": "True",
            "url": "https://arlionztv.site/"
        },
        "arabseed": {
            "label": "Arabseed",
            "active": "True",
            "url": "https://f20.arabseed.ink/"
        },
        "cimaclub": {
            "label": "Cimaclub",
            "active": "True",
            "url": "https://cimacllb.shop/"
        },
        "cinematy": {
            "label": "Cinematy",
            "active": "True",
            "url": "https://cinematy.online/"
        },
        "cimanow": {
            "label": "Cimanow",
            "active": "True",
            "url": "https://cimanow.cc/"
        },
        "cimau": {
            "label": "Cima4u",
            "active": "True",
            "url": "https://1-cima4u.cam/"
        },
        "dramacafe": {
            "label": "Dramacafe",
            "active": "True",
            "url": "https://wwl.dramacafe-tv.com/"
        },
        "egydead": {
            "label": "Egydead",
            "active": "True",
            "url": "https://w7.egydead.live/"
        },
        "halacima": {
            "label": "Halacima",
            "active": "True",
            "url": "https://halacima.website/"
        },
        "egybest": {
            "label": "EgyBest",
            "active": "True",
            "url": "https://n-egy.best/"
        },
        "faselhd": {
            "label": "Faselhd",
            "active": "True",
            "url": "https://www.faselhd.bio/"
        },
        "movizland": {
            "label": "Movizland",
            "active": "True",
            "url": "https://movizlaand.top/"
        },
        "mycima": {
            "label": "Mycima",
            "active": "True",
            "url": "https://wecima.dev/"
        },
        "shooflive": {
            "label": "Shooflive",
            "active": "True",
            "url": "https://r.shooflive.co/"
        },
        "shahidu": {
            "label": "Shahid4u",
            "active": "True",
            "cloudflare": "False",
            "url": "https://shhahed4u.com/"
        },
        "shoofvod": {
            "label": "Shoofvod",
            "active": "True",
            "url": "http://shoofvod.com/"
        },
        "themoviedb_org": {
            "label": "The Movie Database",
            "active": "True",
            "url": "https://www.themoviedb.org/"
        },
        "topcinema": {
            "label": "TopCinema",
            "active": "True",
            "url": "https://topcinema.cam/"
        },
        "topimdb": {
            "label": "Top IMDB",
            "active": "True",
            "url": "https://www.imdb.com/"
        },
        "tuktukcinema": {
            "label": "Tuktukcinema",
            "active": "True",
            "url": "https://ww.tuktukcinema.co/"
        }
    }
}