<?xml version="1.0" encoding="UTF-8" standalone="yes"?>
<addon id="script.module.matrixv2scraper" name="Matrixv2 Scraper" provider-name="bassemhelal18" version="2.27">
	<requires>
        <import addon="script.module.requests"/>
        <import addon="script.module.six"/>
        <import addon="script.module.resolveurl"/>
        <import addon="plugin.video.matrixv2"/>
        <import addon="script.module.beautifulsoup4" version="4.9.3" />
        <!--  for remote debug  -->
        <import addon="script.module.pydevd" optional="true"/>
    </requires>
    <extension point="xbmc.python.pluginsource" library="main.py">
        <provides>video</provides>
    </extension>
    <extension point="xbmc.service" library="service.py" start="startup"/>
    <extension point="xbmc.addon.metadata">
     <assets>
        <icon>icon.png</icon>
        <screenshot>icon.png</screenshot>
     </assets>
    </extension>
</addon>
