<?xml version="1.0" encoding="UTF-8" standalone="yes"?>
<addon id="bassemhelal18_Repo" name="Baseem Repo" version="100" provider-name="bassemhelal18">
    <extension point="xbmc.addon.repository" name="Bassem Repo">
        <dir>
            <info compressed="false">https://raw.githubusercontent.com/bassemhelal18/Repo/master/repo/zips/addons.xml</info>
            <checksum>https://raw.githubusercontent.com/bassemhelal18/Repo/master/repo/zips/addons.xml.md5</checksum>
            <datadir zip="true">https://raw.githubusercontent.com/bassemhelal18/Repo/master/repo/zips/</datadir>
        </dir>
    </extension>
    <extension point="xbmc.addon.metadata">
        <summary>Bassem Repo</summary>
        <description>kodi addon</description>
        <disclaimer></disclaimer>
        <platform>all</platform>
        <assets>
            <icon>icon.png</icon>
            <fanart>fanart.jpg</fanart>
        </assets>
    </extension>
</addon>
