{
    "sites": {
        "akwam": {
            "label": "Akwam",
            "active": "True",
            "url": "https://ak.sv/"
        },
        "alfajertv": {
            "label": "Alfajertv",
            "active": "True",
            "url": "https://fajer.show/"
        },
        "arblionz": {
            "label": "Arblionz",
            "active": "True",
            "url": "https://arlionztv.click/"
        },
        "arabseed": {
            "label": "Arabseed",
            "active": "True",
            "url": "https://m.asd.homes/"
        },
        "cinematy": {
            "label": "Cinematy",
            "active": "True",
            "url": "https://niimaty.store/"
        },
        "cimanow": {
            "label": "Cimanow",
            "active": "True",
            "url": "https://cimanow.cc/"
        },
        "cimau": {
            "label": "Cima4u",
            "active": "False",
            "url": "https://1-cima4u.cam/"
        },
        "dramacafe": {
            "label": "Dramacafe",
            "active": "False",
            "url": "https://wwl.dramacafe-tv.com/"
        },
        "egydead": {
            "label": "Egydead",
            "active": "True",
            "url": "https://egydead.space/"
        },
        "halacima": {
            "label": "Halacima",
            "active": "True",
            "url": "https://halacima.media/"
        },
        "egybest": {
            "label": "EgyBest",
            "active": "True",
            "url": "https://n-egy.best/"
        },
        "faselhd": {
            "label": "Faselhd",
            "active": "True",
            "url": "https://www.faselhd.center/"
        },
        "mycima": {
            "label": "Mycima",
            "active": "True",
            "url": "https://wecima.dev/"
        },
        "shahidu": {
            "label": "Shahid4u",
            "active": "True",
            "cloudflare": "False",
            "url": "https://shahee4u.cam"
        },
        "themoviedb_org": {
            "label": "The Movie Database",
            "active": "True",
            "url": "https://www.themoviedb.org/"
        },
        "topcinema": {
            "label": "TopCinema",
            "active": "True",
            "url": "https://web.topcinema.cam/"
        },
        "topimdb": {
            "label": "Top IMDB",
            "active": "True",
            "url": "https://www.imdb.com/"
        },
        "tuktukcinema": {
            "label": "Tuktukcinema",
            "active": "True",
            "url": "https://ww.tuktukcima.com/"
        }
    }
}